project,filename,sample_number,concentration_mg_L,integration_time_ms,excitation_nm,target_pigment,area_per_ms,band_1_energy,band_1_energy_per_ms,band_2_energy,band_2_energy_per_ms,band_3_energy,band_3_energy_per_ms,band_4_energy,band_4_energy_per_ms,band_ratio_2_1,band_ratio_3_1,band_ratio_4_1,centroid,elapsed_minutes,kurtosis,max_intensity,max_per_ms,mean_intensity,peak_1_fwhm,peak_1_intensity,peak_1_intensity_per_ms,peak_1_pos,peak_2_fwhm,peak_2_intensity,peak_2_intensity_per_ms,peak_2_pos,peak_3_fwhm,peak_3_intensity,peak_3_intensity_per_ms,peak_3_pos,peak_4_fwhm,peak_4_intensity,peak_4_intensity_per_ms,peak_4_pos,peak_5_fwhm,peak_5_intensity,peak_5_intensity_per_ms,peak_5_pos,peak_count,peak_ratio_1_2,skewness,snr,std_intensity,total_area
blue-211,rec_20260211_143914.npz,1,10.485,1000,450,chl_a,34125.66964312363,5181271.745998457,5181.271745998457,5316528.9726495845,5316.528972649585,16884748.0595183,16884.7480595183,6743120.86495728,6743.120864957281,1.0261050246506733,3.258803800931411,1.3014412668405306,2039.6211893556822,0.0,-0.12207138697564623,24283.74483294489,24.28374483294489,9354.624353926432,946.0,23719.666355866415,23.719666355866416,2481,938.0,24283.74483294489,24.28374483294489,2540,939.0,24200.46433566439,24.20046433566439,2598,939.0,24195.79207459213,24.19579207459213,2648,970.0,23217.4200466201,23.2174200466201,2702,5,1.0034412768335923,1.1615792183600613,11.572861868993598,6638.400492614236,34125669.64312363
blue-211,rec_20260211_144106.npz,2,9.83,1000,450,chl_a,17620.5110096737,2627157.3064491125,2627.1573064491126,2459063.4610722666,2459.0634610722664,9465444.076068398,9465.444076068397,3068846.166083923,3068.846166083923,0.9360168327323943,3.6029224640765687,1.168124252990317,2044.684854672456,1.8666666666666667,0.31092559107105044,14627.392229992263,14.627392229992264,4830.1839390552905,872.0,13189.925796425827,13.189925796425827,2409,824.0,14111.688111888143,14.111688111888142,2480,814.0,14561.30248640252,14.56130248640252,2549,808.0,14627.392229992263,14.627392229992264,2646,870.0,13231.177389277418,13.231177389277418,2696,5,1.0045387247226998,1.3047610472309121,10.408628408064017,3962.930135970284,17620511.0096737
blue-211,rec_20260211_144356.npz,3,9.252,1000,450,chl_a,26715.050056177217,4396144.421966932,4396.144421966932,4574335.957509168,4574.335957509168,12428209.035808664,12428.209035808664,5316360.6408924535,5316.360640892453,1.0405335945406702,2.8270702331130444,1.2093234731614655,2002.2972382221162,4.7,0.01347196219482294,18706.090132090176,18.706090132090175,7323.204511013491,975.0,17818.45834165838,17.81845834165838,2481,936.0,18706.090132090176,18.706090132090175,2534,968.0,18128.72147852152,18.12872147852152,2590,970.0,18074.35429015433,18.07435429015433,2647,1005.0,17286.42692862697,17.28642692862697,2716,5,1.0318482830823295,1.155864579649413,11.144315735096134,4662.072603020305,26715050.056177218
blue-211,rec_20260211_144602.npz,4,8.738,1000,450,chl_a,16631.310875407966,2188459.550738156,2188.459550738156,2531449.214685321,2531.449214685321,9201210.072804995,9201.210072804995,2710192.0371794933,2710.192037179493,1.15672652657961,4.204423184198893,1.2384017041874773,2051.0759885775124,6.8,0.11051307111099762,13264.579875679907,13.264579875679907,4559.021621548236,906.0,12619.516705516733,12.619516705516734,2300,867.0,13264.579875679907,13.264579875679907,2384,868.0,13258.595104895136,13.258595104895136,2437,892.0,12973.15944055947,12.973159440559469,2499,937.0,11607.566278166305,11.607566278166304,2586,5,1.0004513880043415,1.2410603068482848,14.2295475077885,3672.960970253565,16631310.875407964
blue-211,rec_20260211_144748.npz,5,8.278,1000,450,chl_a,18244.096828904472,2434917.3781857085,2434.9173781857085,2395789.8623543177,2395.789862354318,9755123.941453014,9755.123941453014,3658265.64691143,3658.2656469114304,0.9839306597497179,4.006347003331051,1.5024188006072123,2106.5251798334584,8.566666666666666,0.369665593960383,15740.307187257225,15.740307187257226,5001.123034239165,814.0,14892.253379953414,14.892253379953415,2480,801.0,15418.338189588225,15.418338189588225,2535,799.0,15551.572999223034,15.551572999223033,2611,787.0,15740.307187257225,15.740307187257226,2664,819.0,14597.809013209046,14.597809013209046,2716,5,1.0121360191694835,1.3435000986320467,14.410162537270102,4313.626579033433,18244096.828904472
blue-211,rec_20260211_145009.npz,6,7.864,1000,450,chl_a,16984.913665967404,2148999.8358974406,2148.9998358974403,2408652.380730386,2408.652380730386,9536564.022688445,9536.564022688444,2890697.426651133,2890.6974266511334,1.1208248323222938,4.437675547195142,1.345136178404571,2079.6830277118875,10.916666666666666,0.13764099982653555,14139.452525252556,14.139452525252556,4655.952211065626,910.0,12656.30940170943,12.65630940170943,2285,872.0,13566.835742035775,13.566835742035774,2349,843.0,14010.892463092496,14.010892463092496,2415,840.0,14139.452525252556,14.139452525252556,2468,871.0,13594.01895881899,13.594018958818989,2531,5,1.0091757225671893,1.2637157850368463,14.833865800697286,3951.007591879956,16984913.665967405
blue-211,rec_20260211_145411.npz,7,7.471,1000,450,chl_a,17729.493750233145,2173630.4441530737,2173.6304441530738,2368060.7060606116,2368.0607060606117,10255271.523504298,10255.271523504298,2932531.076515158,2932.531076515158,1.0894495485332123,4.718038225444587,1.3491396775397024,2090.3362463700187,14.95,0.12081044600434465,15143.740986791021,15.143740986791022,4860.05859381391,854.0,14376.93818958822,14.37693818958822,2314,824.0,15143.740986791021,15.143740986791022,2383,830.0,14954.32070707074,14.954320707070739,2443,844.0,14551.893084693118,14.551893084693118,2501,872.0,13975.897668997703,13.975897668997703,2564,5,1.0126665920459175,1.2742069712916329,15.405695323717694,4332.862246811077,17729493.750233144
blue-211,rec_20260211_145614.npz,8,7.097,1000,450,chl_a,12645.201347086275,1726110.7337218374,1726.1107337218375,1965846.8545454592,1965.846854545459,6819546.356954172,6819.546356954173,2133697.4018648067,2133.6974018648066,1.1388880308430174,3.950816262088746,1.236130081448559,2040.855665059492,17.0,-0.21640066885278708,9308.25376845379,9.30825376845379,3466.3380885653164,984.0,8863.372027972047,8.863372027972048,2255,964.0,9196.130536130557,9.196130536130557,2323,937.0,9308.25376845379,9.30825376845379,2387,961.0,9243.115928515948,9.243115928515948,2443,971.0,9030.262626262647,9.030262626262648,2517,5,1.0070471733170503,1.1331054418751536,12.268692113473438,2646.1149637873036,12645201.347086275
blue-211,rec_20260211_145813.npz,9,6.742,1000,450,chl_a,15154.319424009358,2197070.8390831435,2197.0708390831437,2306006.923076928,2306.006923076928,7915376.922455341,7915.376922455341,2735864.7393939453,2735.8647393939455,1.049582417669903,3.6026953622298747,1.2452328303331563,2041.9799650560612,18.983333333333334,0.009709435443254755,11404.729137529164,11.404729137529165,4154.144578949934,903.0,11054.434809634837,11.054434809634836,2371,894.0,11302.10598290601,11.30210598290601,2435,890.0,11404.729137529164,11.404729137529165,2487,892.0,11336.03636363639,11.33603636363639,2544,917.0,10956.074902874927,10.956074902874928,2608,5,1.0060596818578604,1.2121649110473103,11.891635644457788,3163.359496549706,15154319.424009359
blue-211,rec_20260211_150021.npz,10,6.405,1000,450,chl_a,14064.43258187649,1955983.982935125,1955.983982935125,2032647.0757575803,2032.6470757575803,7472851.948562566,7472.851948562567,2602949.5746212183,2602.9495746212183,1.0391941311847634,3.820507741248933,1.3307622134590615,2066.947791870591,21.116666666666667,0.1185550505115236,11040.743181818209,11.04074318181821,3855.3817384529852,853.0,10511.932711732738,10.511932711732738,2351,850.0,10672.617074592099,10.672617074592099,2415,841.0,10959.254759129784,10.959254759129784,2479,838.0,11040.743181818209,11.04074318181821,2547,849.0,10699.414588189611,10.699414588189612,2608,5,1.0074355806557502,1.2649311024245866,12.575190724313815,3104.631381784524,14064432.58187649
blue-211,rec_20260211_150231.npz,11,6.085,1000,450,chl_a,18284.33163100237,2883035.9170940234,2883.0359170940233,2689061.5925407982,2689.0615925407983,8808247.755089374,8808.247755089375,3903986.3662781743,3903.9863662781745,0.9327187277122988,3.0551987586639955,1.3541233888661455,2051.5338881889284,23.283333333333335,0.5498064017120905,15119.4032634033,15.1194032634033,5012.152311130036,830.0,14110.707536907568,14.110707536907569,2550,786.0,14515.767987568022,14.515767987568022,2612,764.0,15119.4032634033,15.1194032634033,2664,822.0,14297.342968142999,14.297342968142999,2716,869.0,13328.255788655817,13.328255788655817,2770,5,1.0415847977421697,1.3508519701439279,11.506686908487994,3808.809202267249,18284331.63100237
blue-211,rec_20260211_150403.npz,12,5.781,1000,450,chl_a,14090.216474592107,2062708.6228438271,2062.708622843827,2061530.6668220717,2061.5306668220715,7344047.989743606,7344.047989743606,2621929.1951826015,2621.9291951826012,0.9994289275718781,3.5603904053198128,1.2711098243084789,2052.191059355885,24.816666666666666,0.14808648299318516,10994.385392385417,10.994385392385416,3862.449691500029,894.0,10204.086868686893,10.204086868686893,2350,850.0,10694.791452991478,10.694791452991478,2402,841.0,10994.385392385417,10.994385392385416,2478,842.0,10961.338772338797,10.961338772338797,2534,853.0,10595.247241647266,10.595247241647266,2590,5,1.0030148342946952,1.2681996742122927,11.888525362814633,3019.01631012153,14090216.474592106
blue-211,rec_20260211_150609.npz,13,5.492,1000,450,chl_a,12497.226043414947,1382298.1188616967,1382.2981188616966,1550790.0079254115,1550.7900079254114,7716932.206837624,7716.932206837624,1847205.709790214,1847.2057097902139,1.1218925836363471,5.582682998362474,1.3363294679959212,2111.820008687205,26.916666666666668,0.6049707684052383,11906.93811188814,11.90693811188814,3425.7746829536586,767.0,11348.853729603754,11.348853729603753,2323,729.0,11811.571017871043,11.811571017871044,2373,727.0,11906.93811188814,11.90693811188814,2427,738.0,11595.740792540819,11.595740792540818,2487,793.0,10695.816394716418,10.695816394716418,2563,5,1.008074039759216,1.4241469807721057,18.986998221036952,3348.254061665537,12497226.043414947
blue-211,rec_20260211_150829.npz,14,5.217,1000,450,chl_a,13566.754508275088,1850216.722999227,1850.216722999227,1876899.777622382,1876.8997776223819,7374080.069425035,7374.080069425036,2465557.9382284437,2465.5579382284436,1.014421583315873,3.9855223324711653,1.3325779124035482,2077.3372176402595,29.25,0.22825111235371764,11169.258391608417,11.169258391608416,3718.956827926285,836.0,10686.440054390077,10.686440054390077,2374,823.0,10937.476107226132,10.937476107226132,2428,816.0,11169.258391608417,11.169258391608416,2480,818.0,11103.50341880344,11.10350341880344,2534,836.0,10723.030652680678,10.723030652680679,2587,5,1.00592200230187,1.3111149587323114,13.291821499906352,3121.1757317249558,13566754.508275088
blue-211,rec_20260211_150937.npz,15,4.956,1000,450,chl_a,12893.889178205158,1760325.6616938657,1760.3256616938656,1796538.0242424284,1796.5380242424283,6978630.14390056,6978.63014390056,2358395.348368304,2358.395348368304,1.0205713995634862,3.96439721113047,1.339749456415325,2075.12975007309,30.383333333333333,0.10869938801677126,10398.108158508181,10.398108158508181,3534.50909490273,850.0,9847.314219114241,9.847314219114242,2365,844.0,10065.864102564126,10.065864102564126,2417,837.0,10398.108158508181,10.398108158508181,2480,837.0,10353.299145299168,10.353299145299168,2548,845.0,10024.688888888912,10.024688888888912,2624,5,1.0043279936743021,1.273037564069648,13.53965702771488,2937.6780965543717,12893889.178205159
blue-211,rec_20260211_151108.npz,16,4.709,1000,450,chl_a,9565.724815617736,1341467.341181044,1341.467341181044,1379220.921911425,1379.220921911425,5111851.6942502055,5111.851694250206,1733184.8582750622,1733.1848582750622,1.0281434959848834,3.8106419271822674,1.292006748929978,2060.1746725868456,31.9,-0.004792633202904462,7449.785470085486,7.4497854700854855,2622.183337614511,876.0,7182.077855477872,7.182077855477872,2415,843.0,7374.053224553241,7.374053224553242,2471,840.0,7449.785470085486,7.4497854700854855,2534,849.0,7274.5982128982305,7.274598212898231,2598,879.0,7073.937062937081,7.07393706293708,2648,5,1.0102700974926626,1.217848794880077,12.25619941213817,2083.490831791179,9565724.815617736
blue-211,rec_20260211_151241.npz,17,4.473,1000,450,chl_a,11953.200201864829,1532205.0344211375,1532.2050344211375,1794546.7706293748,1794.5467706293748,6754321.165656581,6754.321165656581,1872127.2311577355,1872.1272311577354,1.1712184272435504,4.408235852199992,1.2218516380642357,2057.634356305305,33.45,0.003722831577488428,9548.167832167852,9.548167832167852,3276.644792177859,897.0,9330.409324009344,9.330409324009345,2372,891.0,9493.119347319367,9.493119347319366,2426,888.0,9548.167832167852,9.548167832167852,2479,896.0,9381.496192696215,9.381496192696215,2532,913.0,9039.164879564902,9.039164879564902,2590,5,1.0057987772864174,1.2177598495653668,13.588517037983785,2714.3947230438257,11953200.20186483
blue-211,rec_20260211_151350.npz,18,4.249,1000,450,chl_a,12627.303939044317,1619464.4572649607,1619.4644572649609,1924845.9750582795,1924.8459750582795,7110342.389122006,7110.342389122005,1972651.1175990717,1972.6511175990718,1.1885694474018056,4.390551677268878,1.2180885531323062,2052.7262096906948,34.6,-0.16532343003140326,9698.036130536153,9.698036130536153,3461.4320008345167,912.0,9532.198523698547,9.532198523698547,2372,907.0,9598.21724941727,9.59821724941727,2424,902.0,9698.036130536153,9.698036130536153,2478,907.0,9608.032245532266,9.608032245532266,2530,945.0,9337.987878787902,9.337987878787903,2589,5,1.0093675669173299,1.1636941610447653,12.484353261900845,2832.6463969135275,12627303.939044317
blue-211,rec_20260211_151527.npz,19,4.037,1000,450,chl_a,14360.322306060638,2326910.2185703237,2326.9102185703237,2734293.3853923916,2734.2933853923914,7048366.069463884,7048.366069463885,2250752.632634037,2250.752632634037,1.1750747250886062,3.0290666194222435,0.9672709392358599,1953.9096373119482,36.21666666666667,-0.26831673635429,9258.3878787879,9.2583878787879,3936.4918602139905,1042.0,8777.054856254876,8.777054856254876,2229,994.0,9112.393006993028,9.11239300699303,2288,978.0,9258.3878787879,9.2583878787879,2352,999.0,9079.64226884229,9.07964226884229,2432,1006.0,8968.608080808099,8.9686080808081,2503,5,1.0160215732226248,1.0794225779630433,11.801133142329055,2442.1862370319204,14360322.306060638
blue-211,rec_20260211_151702.npz,20,3.835,1000,450,chl_a,9205.269971212141,1136258.901437454,1136.258901437454,1372652.0972028004,1372.6520972028004,5339059.523853935,5339.059523853935,1357299.4487179518,1357.2994487179517,1.2080451871191427,4.6988054545488,1.194533611134632,2058.852494515887,37.8,0.16194952024561493,7647.553535353553,7.647553535353554,2523.3744438629774,909.0,6775.776923076937,6.775776923076937,2229,868.0,7332.167832167849,7.332167832167849,2289,847.0,7639.071173271191,7.639071173271191,2376,846.0,7647.553535353553,7.647553535353554,2479,870.0,7193.913519813536,7.193913519813536,2536,5,1.0011103918120363,1.283914430600676,17.112245341074043,2138.3355861516848,9205269.971212141
blue-211,rec_20260211_151921.npz,21,3.643,1200,450,chl_a,15247.476948572295,2573491.047435903,2144.5758728632527,3560328.772610731,2966.9406438422757,9786292.593589766,8155.243827991471,2376859.9246503552,1980.716603875296,1.3834626610254048,3.8027303818835256,0.9235936247062289,1960.5579691062628,40.11666666666667,-0.4663756891059716,12811.998834498863,10.67666569541572,5015.617417293518,1028.0,12228.350582750609,10.190292152292175,2175,1022.0,12459.313286713314,10.382761072261095,2226,1000.0,12811.998834498863,10.67666569541572,2287,1011.0,12622.875524475552,10.51906293706296,2338,1034.0,12100.166550116577,10.083472125097147,2398,5,1.0149825853591445,1.009664494350068,12.196345425522315,3574.465048785627,18296972.338286754
blue-211,rec_20260211_152007.npz,22,3.461,1200,450,chl_a,7990.729215326359,1196325.1557109584,996.937629759132,1460152.6230769265,1216.7938525641055,5561010.202797215,4634.17516899768,1371387.07680653,1142.8225640054416,1.2205315721286318,4.648410322436453,1.1463330602552906,2048.2292086540915,40.88333333333333,-0.10842354040862201,7581.8114219114395,6.3181761849262,2628.5293471468285,921.0,7174.559906759923,5.978799922299936,2267,874.0,7405.454778554797,6.171212315462331,2325,870.0,7581.8114219114395,6.3181761849262,2383,870.0,7561.340093240111,6.301116744366759,2473,870.0,7525.307925407942,6.271089937839951,2531,5,1.002707367797096,1.1787689144681481,12.816138530216818,2229.935148212074,9588875.05839163
blue-211,rec_20260211_152111.npz,23,3.288,1200,450,chl_a,9283.46824543514,1362095.2274281306,1135.079356190109,1820215.829759134,1516.8465247992783,6497705.082362097,5414.754235301747,1460145.754972808,1216.7881291440067,1.3363352231958214,4.770375045385688,1.0719850753238551,2025.3530060123912,41.95,-0.17009527208213715,8913.911577311597,7.428259647759664,3053.7724491562967,948.0,8500.990753690772,7.084158961408977,2227,911.0,8786.293162393182,7.321910968660985,2285,907.0,8913.911577311597,7.428259647759664,2347,911.0,8795.870784770803,7.329892320642336,2404,945.0,8584.465034965056,7.15372086247088,2454,5,1.0134200234893367,1.137240231754165,12.409015972455387,2572.608136922425,11140161.89452217
blue-211,rec_20260211_152311.npz,24,3.124,1200,450,chl_a,9219.51366724944,1319311.3956876486,1099.4261630730405,1661391.318181822,1384.4927651515184,6509443.5846154,5424.536320512833,1573270.1022144558,1311.0584185120465,1.2592867185202137,4.933970559105617,1.1924933774974629,2059.7671830952727,43.95,-0.19308510145490043,8833.706293706313,7.361421911421927,3032.734758963631,923.0,8568.904428904449,7.140753690753707,2332,918.0,8721.720279720299,7.268100233100249,2384,916.0,8780.51515151517,7.317095959595975,2473,915.0,8833.706293706313,7.361421911421927,2533,924.0,8532.64522144524,7.1105376845377,2592,5,1.006057861215804,1.1531048370293027,12.54415794422215,2637.653107028437,11063416.400699327
blue-211,rec_20260211_152401.npz,25,2.968,1200,450,chl_a,5105.8697881701755,727861.1734848502,606.5509779040418,926938.4496503518,772.4487080419598,3600823.1209790297,3000.6859341491913,871421.0016899786,726.1841680749822,1.2735099541199049,4.947129002278039,1.1972351781285342,2056.706394655511,44.78333333333333,-0.26917451178010676,4999.971794871805,4.1666431623931715,1679.5624303191369,955.0,4506.71351981353,3.7555945998446085,2249,938.0,4696.7213286713395,3.9139344405594496,2304,871.0,4934.65442890444,4.112212024087033,2374,870.0,4999.971794871805,4.1666431623931715,2477,935.0,4797.415034965045,3.997845862470871,2534,5,1.0132364620275685,1.1152370832443,12.361456435911984,1458.0389191756215,6127043.745804211
blue-211,rec_20260211_152508.npz,26,2.819,1500,450,chl_a,6898.29652400934,1211639.171134424,807.7594474229493,1514888.638694642,1009.9257591297614,6220682.619036533,4147.121746024355,1400234.3571484103,933.4895714322736,1.2502803431786496,5.134104911128188,1.1556529291120639,2061.93512159415,45.9,-0.09029110495777415,8452.706293706315,5.635137529137543,2836.4706102012087,895.0,8184.351748251767,5.456234498834512,2304,863.0,8347.141025641045,5.564760683760697,2378,863.0,8348.730458430478,5.565820305620319,2429,853.0,8452.706293706315,5.635137529137543,2479,863.0,8357.456643356663,5.571637762237776,2536,5,1.0113969661362665,1.2060743088170207,13.84705880320918,2529.3234545839327,10347444.78601401
blue-211,rec_20260211_152918.npz,27,2.678,3000,450,chl_a,7441.522418181834,3652888.893939402,1217.629631313134,3586663.4463869543,1195.5544821289848,11081178.510256436,3693.7261700854788,4003836.403962713,1334.6121346542377,0.981870390949387,3.0335383396526217,1.0960739623385691,1988.95262423878,50.06666666666667,-0.36181234891833514,15353.308158508195,5.117769386169398,6119.673041267955,1032.0,14674.975524475558,4.891658508158519,2349,993.0,15245.551981352015,5.081850660450671,2424,990.0,15353.308158508195,5.117769386169398,2491,997.0,15061.3356643357,5.020445221445233,2548,1046.0,14390.564102564134,4.796854700854712,2628,5,1.0070680403889596,1.0065104162912313,8.08321692785263,4238.118843261783,22324567.254545502
blue-211,rec_20260211_153034.npz,28,2.544,3000,450,chl_a,7157.576217832184,2901125.3842657404,967.0417947552468,3320864.604195812,1106.9548680652706,12153019.998368327,4051.0066661227756,3097718.6666666735,1032.5728888888912,1.1446815164234294,4.189070925469219,1.0677644901068934,2025.2586377725302,51.333333333333336,-0.14694105753488218,16686.380186480223,5.562126728826741,5886.16465282252,899.0,16212.247319347356,5.404082439782452,2336,895.0,16440.657109557145,5.480219036519048,2387,893.0,16585.891375291412,5.528630458430471,2443,893.0,16686.380186480223,5.562126728826741,2500,899.0,16195.140559440595,5.398380186480199,2561,5,1.0060586922291384,1.142389375652741,10.57787978041853,4830.276077003847,21472728.653496552
blue-211,rec_20260211_153133.npz,29,2.417,3000,450,chl_a,6056.385561888126,2601208.823076929,867.0696076923097,3028884.0983683052,1009.6280327894351,9908643.733333357,3302.881244444452,2630420.0308857867,876.8066769619289,1.1644140491517656,3.8092457804339515,1.011229858806301,1992.6807904104735,52.31666666666667,-0.4640745959042283,12900.979254079284,4.300326418026428,4980.580231815893,1020.0,12504.917249417278,4.168305749805759,2223,1004.0,12802.531468531499,4.267510489510499,2285,1002.0,12900.979254079284,4.300326418026428,2347,1005.0,12717.585314685344,4.239195104895114,2415,1017.0,12629.55198135201,4.20985066045067,2473,5,1.0076897124439623,1.0036733474654485,9.520550977163582,3777.844830530798,18169156.685664378
blue-211,rec_20260211_153235.npz,30,2.296,3000,450,chl_a,5601.892043473206,2498280.6751748305,832.7602250582768,2947180.5778554846,982.3935259518282,8890035.066899788,2963.345022299929,2470179.810489516,823.3932701631719,1.1796835348170958,3.558461287092036,0.9887519184835594,1979.2745850294552,53.35,-0.4158336910917182,11748.86876456879,3.9162895881895965,4606.819114698361,1036.0,11201.000466200492,3.7336668220668305,2285,1015.0,11553.810489510513,3.851270163170171,2347,1004.0,11617.768997669024,3.8725896658896746,2415,1000.0,11748.86876456879,3.9162895881895965,2471,1016.0,11508.3610722611,3.8361203574203664,2533,5,1.011284418456424,1.0038749771615936,9.675155909405346,3308.0627057707466,16805676.13041962
blue-211,rec_20260211_153342.npz,31,2.181,3000,450,chl_a,4873.85489883451,1952955.5131701676,650.9851710567225,1896678.8631701674,632.2262877233892,8178514.935897455,2726.1716452991514,2593415.3842657404,864.4717947552468,0.9711838546139496,4.187763049769395,1.3279439120740317,2074.907177324245,54.46666666666667,-0.24504115777159896,11850.190909090938,3.950063636363646,4008.1043575941694,904.0,11736.528904428931,3.9121763014763102,2479,902.0,11840.69790209793,3.94689930069931,2548,907.0,11556.147086247112,3.8520490287490374,2603,901.0,11850.190909090938,3.950063636363646,2664,910.0,11278.888344988369,3.759629448329456,2718,5,1.0008017269819312,1.132049601661749,10.224064456486998,3544.1439930910433,14621564.69650353
blue-211,rec_20260211_153557.npz,32,2.072,3000,450,chl_a,5021.699620629382,2218838.8203962753,739.6129401320918,2545586.2930069985,848.5287643356662,8114398.124708643,2704.799374902881,2186275.6237762286,728.7585412587429,1.1472605714336508,3.6570471230801007,0.9853242171893175,1983.8527722720946,56.71666666666667,-0.31303776417315365,10956.667132867155,3.652222377622385,4129.687188017584,976.0,10512.280652680676,3.504093550893559,2223,954.0,10888.58624708627,3.629528749028757,2285,951.0,10956.667132867155,3.652222377622385,2347,962.0,10701.619114219138,3.5672063714063795,2415,976.0,10519.608158508181,3.5065360528360605,2471,5,1.0062525000248863,1.0451604776993406,9.790127899142187,3083.3123419910594,15065098.861888146
blue-211,rec_20260211_153725.npz,33,1.969,3000,450,chl_a,4558.229353729614,1984032.1900155446,661.3440633385148,2095655.4027972075,698.5518009324024,7476081.335897452,2492.0271119658173,2118919.132478637,706.306377492879,1.0562607871703877,3.7681250201081053,1.067986267129081,2012.6468156639303,58.18333333333333,-0.13185881457850668,10632.456332556358,3.544152110852119,3748.5438764223795,938.0,9800.856177156198,3.266952059052066,2270,927.0,10338.754700854724,3.4462515669515748,2328,914.0,10632.456332556358,3.544152110852119,2379,925.0,10443.910800310823,3.4813036001036077,2430,932.0,10103.0906759907,3.3676968919969,2493,5,1.0180531542111526,1.1285301271530026,10.25922921011868,2955.210456947442,13674688.061188841
blue-211,rec_20260211_153835.npz,34,1.87,3000,450,chl_a,4280.912078826738,1944417.2502331047,648.1390834110349,1986487.890598295,662.1626301994316,6719051.372571887,2239.6837908572957,2192779.7230769284,730.9265743589762,1.0216366319318277,3.455560462532607,1.127731058143024,2015.3439641667683,59.35,-0.20744445724865201,9398.569386169405,3.1328564620564685,3520.486906929884,955.0,9035.191686091706,3.0117305620305688,2341,929.0,9329.76588966591,3.10992196322197,2400,923.0,9398.569386169405,3.1328564620564685,2461,923.0,9387.943356643376,3.1293144522144587,2536,960.0,8963.483216783236,2.987827738927745,2624,5,1.0011318804473304,1.106737178517414,9.64670320478278,2669.860725433288,12842736.236480216
blue-211,rec_20260211_153941.npz,35,1.777,3000,450,chl_a,3992.6396270396363,1522090.4249417284,507.36347498057614,1680286.7510489551,560.0955836829851,7079957.000932416,2359.985666977472,1695584.7041958082,565.1949013986027,1.103933592587499,4.651469377191217,1.1139842130343351,2057.0582280402054,60.45,0.17725134066086312,10253.204428904453,3.4177348096348177,3283.4207459207532,855.0,9713.934265734286,3.237978088578095,2288,814.0,10081.369463869485,3.360456487956495,2339,811.0,10253.204428904453,3.4177348096348177,2400,811.0,10244.305361305385,3.414768453768462,2461,831.0,10017.877389277412,3.3392924630924705,2526,5,1.0008686843358536,1.279926160082191,13.006965215488407,2960.088708479598,11977918.881118909
blue-211,rec_20260211_154049.npz,36,1.688,3000,450,chl_a,4441.630689160849,1982412.7679487225,660.8042559829075,2027025.526107231,675.675175369077,7218786.8051282205,2406.2622683760733,2096666.9682983733,698.888989432791,1.022504273015085,3.6414146043852273,1.057633910655183,2012.5559331019033,61.583333333333336,-0.0400228650517338,10288.463403263428,3.4294878010878094,3652.6568167441196,906.0,9651.58181818184,3.2171939393939466,2301,873.0,10108.856876456899,3.3696189588189664,2359,868.0,10288.463403263428,3.4294878010878094,2415,868.0,10268.715384615407,3.4229051282051355,2474,873.0,10103.95314685317,3.36798438228439,2533,5,1.0019231245495037,1.1734650254671863,9.67223143879287,2900.2052220907894,13324892.067482548
blue-211,rec_20260211_154200.npz,37,1.604,3000,450,chl_a,3136.1616628205197,1254639.850116553,418.2132833721843,1542683.563403267,514.2278544677556,5337038.218414931,1779.0127394716435,1274123.3565268093,424.7077855089364,1.2295827868531,4.253840827643991,1.0155291627381724,2006.3177620407653,62.766666666666666,-0.268956478277536,7385.141958041975,2.461713986013992,2579.0803148195064,927.0,7212.6351981352145,2.404211732711738,2247,921.0,7385.141958041975,2.461713986013992,2298,926.0,7254.2848484848655,2.418094949494955,2359,947.0,7008.352214452231,2.3361174048174105,2414,972.0,6832.029137529154,2.2773430458430513,2471,5,1.018038595435695,1.0785044875291223,10.151242406630407,2096.194875919824,9408484.98846156
blue-211,rec_20260211_154401.npz,38,1.523,3000,450,chl_a,4569.192413636374,2182765.780303035,727.588593434345,2134194.03543124,711.3980118104134,7077213.336829852,2359.0711122766174,2313404.088344994,771.134696114998,0.977747614833392,3.2423145903667767,1.0598498974195125,1996.9466861821134,64.78333333333333,-0.23521205394171707,9745.861072261096,3.248620357420365,3757.5595506878076,942.0,9604.4547785548,3.2014849261849334,2359,926.0,9723.148251748275,3.2410494172494246,2420,927.0,9693.086946386968,3.231028982128989,2477,926.0,9745.861072261096,3.248620357420365,2532,947.0,9447.235664335687,3.1490785547785625,2592,5,1.0023359533275384,1.1010578326542633,9.279226423565065,2757.47596408865,13707577.240909122
blue-211,rec_20260211_154646.npz,39,1.447,3000,450,chl_a,4579.577301981362,2409631.699650355,803.2105665501184,2637673.835897442,879.224611965814,6531315.299533814,2177.105099844605,2160111.070862476,720.0370236208253,1.0946377557533695,2.7105035597272096,0.8964486444861738,1925.7585225043533,67.53333333333333,-0.16997724316631668,8663.353146853166,2.8877843822843885,3766.0997549188833,1064.0,8339.746853146873,2.7799156177156243,2282,1033.0,8579.236363636383,2.859745454545461,2332,1029.0,8663.353146853166,2.8877843822843885,2384,1030.0,8658.861538461559,2.8862871794871863,2470,1030.0,8656.5181818182,2.885506060606067,2533,5,1.000518729670368,1.040372920537449,9.243927317247296,2231.2053917601547,13738731.905944087
blue-211,rec_20260211_154955.npz,40,1.375,5000,450,chl_a,2396.434507272733,1826065.6967366007,365.2131393473201,1872476.1925407967,374.49523850815933,6439542.434498849,1287.90848689977,1844088.2125874164,368.8176425174833,1.025415567406549,3.526457151025337,1.0098695878702635,1995.0411306526198,70.68333333333334,-0.22130156443771343,9167.601398601419,1.8335202797202836,3284.5867698365305,982.0,8304.345454545473,1.6608690909090946,2313,934.0,8810.588344988366,1.7621176689976732,2363,916.0,9167.601398601419,1.8335202797202836,2415,919.0,9036.33986013988,1.807267972027976,2470,937.0,8693.349184149203,1.7386698368298406,2522,5,1.0145259629997478,1.0785048517380158,9.416300297723543,2508.406974875896,11982172.536363663
blue-211,rec_20260211_155650.npz,41,1.306,5000,450,chl_a,2477.2140244755306,1685783.4419580456,337.1566883916091,2029482.2601398646,405.89645202797294,7046804.980419597,1409.3609960839194,1623999.4398601437,324.7998879720287,1.2038807652438508,4.180136549588302,0.963349976894933,2002.1276936421286,77.6,-0.24055970376852898,9459.862937062959,1.8919725874125917,3395.304309862295,967.0,9002.867132867153,1.8005734265734308,2243,928.0,9300.568298368318,1.8601136596736636,2298,926.0,9459.862937062959,1.8919725874125917,2374,926.0,9431.101631701653,1.8862203263403305,2457,927.0,9350.101165501188,1.8700202331002376,2522,5,1.003049623096482,1.0950468272927218,10.142115808389383,2764.5095607900275,12386070.122377653
violet-211,rec_20260211_162729.npz,1,18.188,300,405,chl_a,51843.53972458571,1338234.5570043414,4460.781856681138,1472909.8691271725,4909.699563757242,11593384.997542761,38644.61665847587,1148532.49370144,3828.4416456714666,1.1006365524025203,8.663193561145762,0.8582445339570722,2066.629175889619,0.0,2.354456290213939,21820.81677026682,72.73605590088941,4263.448990508693,637.0,16175.946040533576,53.91982013511192,2035,542.0,20385.53450530955,67.95178168436517,2116,512.0,21820.81677026682,72.73605590088941,2178,529.0,21203.351958689505,70.67783986229836,2244,762.0,11330.57239380992,37.768574646033066,2457,5,1.029121094286428,1.9203387561370429,34.46126231857332,5754.188936369979,15553061.917375714
violet-211,rec_20260211_162833.npz,2,16.369,300,405,chl_a,33422.753315624264,1074808.10631799,3582.6936877266335,1112729.5393680418,3709.0984645601393,6944865.884981237,23149.552949937457,894422.4640200096,2981.408213400032,1.0352820497232391,6.461493771918526,0.8321694437940795,2029.9205290187454,1.0666666666666667,2.0240731237229603,12506.024559699588,41.68674853233196,2748.5816871401535,686.0,9234.903357290877,30.783011190969592,2035,579.0,11605.471464646493,38.684904882154974,2116,556.0,12506.024559699588,41.68674853233196,2177,556.0,12473.958705646233,41.57986235215411,2228,579.0,11588.703532116058,38.629011773720194,2278,5,1.0025706237137726,1.8299512853935143,25.331367018554236,3260.2782339760706,10026825.99468728
violet-211,rec_20260211_163002.npz,3,14.881,300,405,chl_a,44974.01421442583,1304552.3672136606,4348.507890712202,1411439.1606908273,4704.797202302758,9684419.51509591,32281.398383653035,1091793.2213273493,3639.3107377578312,1.0819336932448804,7.423557504081236,0.8369102297206092,2065.3588046347713,2.55,2.2432911749266538,18050.923868934136,60.16974622978046,3698.5209057915977,585.0,15521.300209260473,51.73766736420158,2140,540.0,17194.450972133964,57.31483657377988,2197,520.0,18050.923868934136,60.16974622978046,2254,545.0,16964.570022780288,56.54856674260096,2312,653.0,13184.772944479791,43.94924314826597,2414,5,1.0498110057825172,1.8905289968348518,30.206878554120184,4697.9098378794815,13492204.264327748
violet-211,rec_20260211_163114.npz,4,13.641,300,405,chl_a,45070.9882150504,1321299.516823859,4404.331722746197,1457526.310943446,4858.421036478153,9646194.247017259,32153.980823390862,1096276.3897305569,3654.2546324351897,1.103100616011008,7.300535665225088,0.8296955957160925,2052.857375744603,3.75,1.9306452858659222,17244.51839498225,57.48172798327416,3706.4957413692764,642.0,13800.544600355817,46.00181533451939,2074,591.0,15762.800096613948,52.54266698871316,2140,563.0,16912.636147405265,56.375453824684215,2197,554.0,17244.51839498225,57.48172798327416,2254,591.0,15788.975913998314,52.629919713327716,2311,5,1.019623330430833,1.8108217998529557,27.29056572463946,4586.838489059208,13521296.46451512
violet-211,rec_20260211_163251.npz,5,12.592,300,405,chl_a,41660.23735562363,1233186.4479895132,4110.621493298378,1341216.769172497,4470.7225639083235,8857781.353205148,29525.93784401716,1065886.6363199325,3552.955454399775,1.08760258544773,7.182840330143227,0.8643353469036797,2060.7307694204987,5.366666666666666,2.135301683565819,16398.562529137565,54.66187509712522,3426.0063614822066,668.0,11874.199155011682,39.58066385003894,2074,592.0,14248.33452797206,47.494448426573534,2140,545.0,15645.622057109591,52.15207352369864,2197,528.0,16398.562529137565,54.66187509712522,2253,575.0,14851.402243589779,49.50467414529926,2322,5,1.0481246747032233,1.8506368015556653,28.577379643947467,4222.1862661260275,12498071.206687089
violet-211,rec_20260211_163358.npz,6,11.692,300,405,chl_a,25516.583884440617,822869.680956684,2742.89893652228,879134.6332711752,2930.448777570584,5262412.295538085,17541.374318460283,690558.5555662408,2301.861851887469,1.0683765043440128,6.395195274930902,0.8392076795968277,2038.9342311630544,6.483333333333333,1.6358894304193603,9027.532554390074,30.09177518130025,2098.4032799704455,694.0,7132.676113053631,23.7755870435121,2074,636.0,8253.349796037313,27.511165986791045,2140,606.0,8821.609477466998,29.405364924889994,2197,596.0,9027.532554390074,30.09177518130025,2254,622.0,8555.515574980593,28.51838524993531,2313,5,1.0233430279870204,1.7262074180846634,21.886098008024977,2416.3830030915487,7654975.165332185
violet-211,rec_20260211_163527.npz,7,10.913,300,405,chl_a,35390.15350405692,1069096.3514378273,3563.654504792758,1134602.767276316,3782.0092242543865,7514390.50972971,25047.9683657657,898956.4227732226,2996.521409244075,1.0612726960955288,7.028730852578076,0.8408563190438507,2023.1306717444866,7.966666666666667,2.1220503965959585,13548.40466648739,45.1613488882913,2910.3744657941543,660.0,10140.886988972588,33.80295662990863,1985,584.0,12086.47192262868,40.2882397420956,2035,539.0,13548.40466648739,45.1613488882913,2116,540.0,13474.949601040018,44.91649867013339,2177,577.0,12386.291117536337,41.28763705845446,2243,5,1.0054512311824677,1.8627497749858928,27.890616623171503,3598.4780993261215,10617046.051217075
violet-211,rec_20260211_163629.npz,8,10.231,300,405,chl_a,27168.56873588917,891716.5113407446,2972.3883711358153,949252.2256410278,3164.1740854700925,5580112.548347499,18600.375161158332,729489.3354374808,2431.631118124936,1.0645224278888534,6.2577203375515555,0.8180731501098412,2030.454055874237,9.0,1.6484001590916941,9567.941612554134,31.893138708513778,2234.257297359307,631.0,8663.346878121898,28.877822927072994,2116,604.0,9340.793023643044,31.135976745476814,2178,593.0,9567.941612554134,31.893138708513778,2229,606.0,9304.094805194825,31.013649350649416,2279,625.0,8780.358795371314,29.267862651237714,2332,5,1.0243179126586084,1.740407695138866,25.271561441852974,2559.3891064403206,8150570.6207667515
violet-211,rec_20260211_163909.npz,9,9.629,240,405,chl_a,69386.7444632957,992758.5543070589,4136.493976279412,4103671.929347682,17098.633038948676,10955185.461928751,45646.606091369795,601202.7256074745,2505.0113566978102,4.133605206970014,11.035095506757353,0.6055880586464564,1920.9837811906611,11.666666666666666,1.9283122716548364,24505.126707635853,102.10469461514938,4564.917398901033,610.0,20479.149998234134,85.3297916593089,1826,551.0,23452.270127852,97.71779219938334,1902,534.0,24505.126707635853,102.10469461514938,1958,554.0,23303.294380871703,97.09705992029876,2027,621.0,19885.8992600834,82.85791358368083,2091,5,1.0448935891512472,1.8103505059177802,48.91115744599997,6660.979791875407,16652818.671190968
violet-211,rec_20260211_164031.npz,10,9.094,240,405,chl_a,50130.57449375762,849644.7408508179,3540.1864202117413,2737876.6592904627,11407.819413710262,7918406.648408933,32993.36103503722,525409.8299516151,2189.207624798396,3.2223781630764945,9.319667700737597,0.6183876680334416,1922.7481124644062,13.033333333333333,1.873998072851049,17002.759783146186,70.84483242977578,3298.064111431422,625.0,13792.35140036734,57.46813083486392,1827,567.0,16217.298294130149,67.57207622554229,1900,549.0,17002.759783146186,70.84483242977578,1950,558.0,16663.388789997916,69.43078662499131,2000,583.0,15477.180198841595,64.48825082850665,2065,5,1.0203662650752034,1.7992540284230623,40.28341522375538,4603.914687677473,12031337.878501829
violet-211,rec_20260211_164145.npz,11,8.615,240,405,chl_a,46481.75232458707,857923.0783308817,3574.67949304534,2515444.375102243,10481.018229592679,7269533.726402707,30289.72386001128,512719.3780650645,2136.330741937769,2.932016212917509,8.473409691397778,0.5976286114864486,1917.981944526637,14.266666666666667,1.743416925690668,15171.547043307604,63.21477934711502,3058.0100213544124,636.0,12786.27669917804,53.27615291324184,1868,579.0,14475.890325317992,60.31620968882497,1923,552.0,15171.547043307604,63.21477934711502,1977,581.0,14376.52206375499,59.902175265645795,2066,688.0,11273.459257555334,46.97274690648056,2153,5,1.0480562302114795,1.7528823052530305,34.69819424999921,4084.332274581894,11155620.557900896
violet-211,rec_20260211_164253.npz,12,8.185,240,405,chl_a,52008.10489697813,842806.9938644709,3511.6958077686286,2814745.793303925,11728.107472099688,8331843.318972712,34716.013829052965,492549.06913364516,2052.287788056855,3.3397276171115347,9.885826030903262,0.5844150235099383,1922.8110336288175,15.4,1.9483610081851541,18058.243251193293,75.24268021330539,3421.5858484854034,596.0,15515.949830724865,64.6497909613536,1868,557.0,17243.369055944095,71.84737106643372,1923,537.0,18058.243251193293,75.24268021330539,1977,565.0,16895.16580364084,70.39652418183684,2066,669.0,13044.948715173747,54.353952979890614,2154,5,1.047257249589998,1.817081579556408,39.9439119722143,4878.000963119892,12481945.175274752
violet-211,rec_20260211_164401.npz,13,7.775,240,405,chl_a,27756.741852800038,596899.0786130549,2487.0794942210623,1607180.897422026,6696.587072591775,4071318.0283078123,16963.825117949218,386220.04032911616,1609.250168037984,2.6925504746236926,6.820781224470745,0.6470441221429438,1906.894907756108,16.533333333333335,1.0691507830936438,7895.6671828172,32.89861326173833,1826.1014376842131,700.0,6912.647732822745,28.802698886761437,1869,661.0,7539.412898212916,31.414220409220484,1924,633.0,7895.6671828172,32.89861326173833,1977,662.0,7533.682531357548,31.390343880656452,2066,723.0,6602.807683982699,27.511698683261248,2131,5,1.047252258155105,1.5775485919847916,27.370465411866885,2174.245410483517,6661618.04467201
violet-211,rec_20260211_164512.npz,14,7.387,240,405,chl_a,36269.24409497629,693790.5375728455,2890.793906553523,2081017.2056915355,8670.905023714731,5520945.222727286,23003.938428030357,408865.61680264253,1703.6067366776772,2.999489172873068,7.957654254037165,0.589321408494582,1907.1510104382055,17.716666666666665,1.543185656781783,11416.25585664338,47.56773273601409,2386.1344799326503,720.0,8584.646513209032,35.7693604717043,1801,634.0,10044.362859362882,41.85151191401201,1868,594.0,11026.681759906785,45.94450733294494,1924,575.0,11416.25585664338,47.56773273601409,1977,602.0,10742.990792540819,44.762461635586746,2066,5,1.0353301296998607,1.7014751921293025,30.4437943897907,3107.271514425984,8704618.582794309
violet-211,rec_20260211_164653.npz,15,7.017,240,405,chl_a,55430.580190243905,945650.4263548972,3940.2101098120716,3010229.535334117,12542.623063892153,8777821.070911054,36574.25446212939,569638.2130584705,2373.492554410294,3.1832371153654986,9.282310699891534,0.6023771545836416,1921.6466402899568,19.4,1.9151982754356451,18889.220658508202,78.70508607711751,3646.7486967265727,616.0,16006.414160839196,66.69339233682999,1868,562.0,17986.2311577312,74.94262982388,1923,540.0,18889.220658508202,78.70508607711751,1977,567.0,17774.589257964297,74.06078857485123,2065,624.0,15522.34609557113,64.67644206487971,2115,5,1.0502044865796614,1.8029957945330366,41.25567635034583,5082.547731202132,13303339.245658537
violet-211,rec_20260211_164836.npz,16,6.666,240,405,chl_a,28863.156985334175,591262.2094988361,2463.592539578484,1683325.9464996154,7013.858110415064,4299922.333842278,17916.34305767616,352647.1866394724,1469.3632776644683,2.8470041200949256,7.272445735178925,0.596431128142592,1900.5234850892045,21.116666666666667,1.4059468890359055,8759.895244755264,36.4995635198136,1898.89190692988,684.0,7238.989114219132,30.162454642579714,1844,627.0,8298.693356643376,34.57788898601407,1900,602.0,8759.895244755264,36.4995635198136,1956,607.0,8592.3683799534,35.8015349164725,2026,665.0,7533.834013209031,31.39097505503763,2091,5,1.0194971697434105,1.664235203138482,28.096417930461065,2384.506393780397,6927157.676480202
violet-211,rec_20260211_164940.npz,17,6.333,240,405,chl_a,35309.70840460609,696903.5821095589,2903.7649254564953,2294479.153385672,9560.329805773632,5071909.214670472,21132.955061126966,411038.0669397604,1712.6586122490016,3.292391102999039,7.277777507352698,0.5898062192413037,1888.6626165081746,22.183333333333334,1.180059965334368,10528.386822980963,43.86827842908735,2323.0071318819796,694.0,9134.972712418321,38.062386301743004,1826,642.0,10043.213138169043,41.84672140903768,1890,606.0,10528.386822980963,43.86827842908735,1948,640.0,10102.279898532863,42.0928329105536,2000,688.0,9320.43861351069,38.83516088962788,2065,5,1.0421792831645837,1.5978728379410798,28.287460088985497,2891.654530820938,8474330.017105462
violet-211,rec_20260211_165127.npz,18,6.016,240,405,chl_a,25315.374896350688,549016.9650527021,2287.570687719592,1358677.9506731222,5661.158127804676,3821496.939367767,15922.903914032362,346498.12003057386,1443.7421667940578,2.4747467513006596,6.960617216994247,0.6311246137854998,1913.8767453956427,23.966666666666665,1.3031742986849482,7418.893591432739,30.912056630969747,1665.4851905493874,675.0,6398.087734367096,26.658698893196235,1868,633.0,7017.837405830902,29.24098919096209,1926,609.0,7418.893591432739,30.912056630969747,1978,628.0,7122.267300091231,29.67611375038013,2067,713.0,5911.864016418378,24.632766735076576,2156,5,1.0416477336279852,1.6392748098697616,27.91410527739392,2023.4526058548709,6075689.975124165
violet-211,rec_20260211_165302.npz,19,5.716,300,405,chl_a,36722.58167459864,887189.8750307583,2957.299583435861,3237695.6806785883,10792.318935595295,6367192.829088981,21223.97609696327,524696.1175812625,1748.9870586042082,3.649383037161396,7.176809619100122,0.5914135545821818,1873.7668749867917,25.55,1.6364001183116867,14708.995580808114,49.02998526936038,3019.9491508715982,667.0,11311.134233359258,37.703780777864196,1748,607.0,13304.215967365997,44.34738655788666,1826,553.0,14708.995580808114,49.02998526936038,1914,585.0,13920.555497280528,46.40185165760176,1976,617.0,12936.10892255895,43.1203630751965,2026,5,1.0566385503568168,1.738417574961884,31.183774115420626,3966.3035700363725,11016774.50237959
violet-211,rec_20260211_165420.npz,20,5.43,300,405,chl_a,48717.257199359075,1109451.1446008184,3698.170482002728,3921412.6246153926,13071.375415384642,8968896.222406778,29896.32074135593,615417.1681847333,2051.3905606157773,3.5345518761227837,8.084083977968941,0.554704162666091,1892.011011242421,26.85,1.299509398063802,18911.018321678366,63.03672773892789,4006.353388105187,679.0,15945.84594405598,53.15281981351993,1826,625.0,18016.743082750625,60.05581027583542,1900,598.0,18911.018321678366,63.03672773892789,1955,622.0,18059.721433566472,60.19907144522158,2025,686.0,15829.48114219118,52.764937140637265,2090,5,1.04713787481404,1.6363958217565382,31.02296879824779,5213.090240687026,14615177.159807723
violet-211,rec_20260211_165519.npz,21,5.158,300,405,chl_a,28996.10481930576,721060.3218469047,2403.534406156349,2617269.0927072987,8724.23030902433,4925579.205357154,16418.597351190514,434922.8258803706,1449.7427529345687,3.6297505401538324,6.831022393162484,0.6031712087088232,1870.7710585706693,27.833333333333332,1.3896642215661217,10943.163224275748,36.47721074758583,2384.548093692908,629.0,10034.725474525498,33.449084915084995,1781,604.0,10577.708341658365,35.25902780552788,1844,590.0,10943.163224275748,36.47721074758583,1914,617.0,10327.20210622713,34.4240070207571,1976,660.0,9463.365917415938,31.54455305805313,2026,5,1.0345495329246417,1.6727679016054093,27.895550820895878,3037.5857224371534,8698831.445791729
violet-211,rec_20260211_170019.npz,22,4.9,300,405,chl_a,36764.746827505915,898053.9337558295,2993.5131125194316,2968633.507517489,9895.445025058298,6661757.477010504,22205.858256701682,500979.1299679499,1669.9304332264996,3.305629423727491,7.4179926467776705,0.5578497138504382,1882.1758726511664,32.833333333333336,1.4792732113800016,14441.757313519847,48.139191045066156,3023.4166798935785,662.0,12281.81276223779,40.93937587412597,1827,607.0,13694.998280885811,45.64999426961937,1900,583.0,14441.757313519847,48.139191045066156,1950,596.0,13969.707400932433,46.565691336441446,2001,644.0,12920.369405594434,43.067898018648116,2066,5,1.0337909663416363,1.691598730205463,32.26430793587287,3926.1353010645353,11029424.048251774
violet-211,rec_20260211_170210.npz,23,4.655,300,405,chl_a,44850.626190656665,1000987.1552690389,3336.6238508967963,3906842.8887723475,13022.809629241157,8048390.98479994,26827.969949333135,498966.8283556731,1663.2227611855772,3.90299003159765,8.040453808457459,0.4984747563734362,1870.6600490466676,34.68333333333333,1.6538911614829326,18461.18040015544,61.53726800051814,3688.3738643632128,614.0,16704.92529137533,55.68308430458443,1825,581.0,17896.265093240134,59.654216977467115,1890,558.0,18461.18040015544,61.53726800051814,1948,595.0,17412.78083721837,58.042602790727905,1999,638.0,15519.249533799568,51.73083177933189,2064,5,1.0315661007462775,1.739764306585571,31.572772783799447,5059.894181822415,13455187.857197
violet-211,rec_20260211_170324.npz,24,4.423,250,405,chl_a,55539.28077008912,886337.5363517185,3545.3501454068737,3340405.190872014,13361.620763488056,9218551.191881245,36874.20476752498,439526.27341730346,1758.1050936692138,3.7687732425522222,10.40072299073106,0.49589039772190086,1903.9495756183485,35.916666666666664,2.3682759755151004,21738.14630218271,86.95258520873084,3806.145886108081,618.0,16006.939690612455,64.02775876244982,1802,523.0,20559.48938864171,82.23795755456683,1900,496.0,21738.14630218271,86.95258520873084,1954,519.0,20760.844800275532,83.04337920110213,2025,582.0,17387.765689235042,69.55106275694017,2091,5,1.0470742646221318,1.9164512970478582,41.51318414024371,5759.71893717615,13884820.19252228
violet-211,rec_20260211_170501.npz,25,4.201,250,405,chl_a,31147.16534786332,571218.1759944543,2284.8727039778173,2187300.651724515,8749.20260689806,4729057.481540847,18916.229926163385,299215.0277060138,1196.8601108240553,3.829186016212745,8.27889881709009,0.5238191645164295,1884.6251831366924,37.53333333333333,1.2975732765033525,10309.220023957549,41.236880095830195,2134.5370989489666,664.0,9031.955739014093,36.12782295605637,1828,621.0,9847.291764870952,39.38916705948381,1893,596.0,10309.220023957549,41.236880095830195,1949,618.0,9931.667896917921,39.72667158767168,2000,668.0,8971.290901536757,35.885163606147024,2066,5,1.0380149770369178,1.645771057397113,28.454477295996966,2869.6562127553843,7786791.33696583
violet-211,rec_20260211_170635.npz,26,3.991,250,405,chl_a,25683.89660874132,510190.6699030148,2040.7626796120592,1896396.3166916464,7585.585266766586,3713915.56408176,14855.662256327041,300471.6015089085,1201.886406035634,3.7170344903644432,7.279465860847202,0.588939820412684,1874.316351262928,39.1,1.8638168981931091,8723.98235930738,34.89592943722952,1760.1354583841367,586.0,8115.741079753596,32.46296431901438,1780,565.0,8477.469447219466,33.909877788877864,1844,551.0,8723.98235930738,34.89592943722952,1913,586.0,8111.317145354665,32.44526858141866,1976,623.0,7223.218881118896,28.892875524475585,2026,5,1.0290785963456073,1.7932965294792553,28.28327758133528,2376.038382336085,6420974.15218533
violet-211,rec_20260211_171019.npz,27,3.792,250,405,chl_a,20855.182799718074,428740.41452505917,1714.9616581002367,1263459.2338991684,5053.836935596673,3293148.8267943156,13172.595307177262,228447.22471097496,913.7888988438998,2.946909577672485,7.680985312388451,0.5328334278074516,1901.5278707615053,42.833333333333336,1.2533046910931294,6619.448702910007,26.47779481164003,1429.2203124806795,657.0,5871.725336491477,23.486901345965908,1844,623.0,6390.03135762089,25.56012543048356,1900,614.0,6619.448702910007,26.47779481164003,1955,619.0,6521.441484322144,26.085765937288574,2026,664.0,5788.006033348385,23.152024133393542,2091,5,1.0150284594017254,1.6378539776563723,24.744746682672133,1869.8838130342854,5213795.699929519
violet-211,rec_20260211_171227.npz,28,3.602,300,405,chl_a,30046.38350203969,820929.4517531097,2736.431505843699,2200800.4735431285,7336.001578477095,5560661.574621225,18535.53858207075,431523.5506944454,1438.4118356481513,2.6808643164687043,6.773616859215285,0.5256524172362425,1884.0907752958065,44.96666666666667,1.4391312837661125,11343.207740870266,37.810692469567556,2470.919695891422,671.0,9497.294745532266,31.657649151774223,1828,613.0,10824.558731546254,36.08186243848751,1900,599.0,11343.207740870266,37.810692469567556,1950,603.0,11191.846853146879,37.30615617715626,2026,641.0,10093.24028749031,33.644134291634366,2091,5,1.0135242100530377,1.6896814189366036,26.45157793161914,3138.915030060868,9013915.050611908
violet-211,rec_20260211_171701.npz,29,3.422,300,405,chl_a,23969.59152010495,656223.5086392789,2187.411695464263,2175787.127214457,7252.623757381523,4024744.5918706385,13415.815306235461,334122.2283071103,1113.740761023701,3.3156189904352704,6.133191723375168,0.5091591872408441,1846.83693148488,49.53333333333333,1.5328932998984133,9117.855856643379,30.39285285547793,1971.1835131665255,621.0,8526.49015151517,28.4216338383839,1801,598.0,8868.007634032654,29.560025446775512,1860,588.0,9117.855856643379,30.39285285547793,1914,608.0,8729.516142191162,29.098387140637204,1976,669.0,7303.868706293723,24.346229020979077,2066,5,1.0281741100054858,1.7098634786096973,23.040443819376915,2506.1176181821797,7190877.4560314845
violet-211,rec_20260211_171822.npz,30,3.251,300,405,chl_a,29456.203878043318,846590.6791618124,2821.968930539375,1938650.1587930634,6462.167195976878,5631504.136030186,18771.680453433954,420116.1894279341,1400.3872980931137,2.2899498027930933,6.651979846513067,0.4962447612155148,1890.6268794446214,50.88333333333333,1.555184643954414,11217.51959336962,37.39173197789873,2422.3851873390886,628.0,10117.337105024628,33.72445701674876,1900,590.0,10947.251981352008,36.49083993784003,1955,583.0,11217.51959336962,37.39173197789873,2026,607.0,10577.26600621603,35.257553354053435,2091,677.0,9104.501430976454,30.348338103254846,2157,5,1.0246881694582344,1.7156829057768443,24.19348445213097,3059.888993492309,8836861.163412996
violet-211,rec_20260211_171935.npz,31,3.088,300,405,chl_a,24754.997705160633,717829.7530675359,2392.765843558453,1642638.8953379989,5475.462984459996,4713628.978972428,15712.096596574758,352401.6841702287,1174.672280567429,2.2883404990088976,6.566499868289735,0.49092655001313873,1889.6259213037845,52.1,1.4497163493458292,9248.683255633274,30.828944185444247,2035.7728375954468,641.0,8533.586444573964,28.44528814857988,1900,609.0,9149.237393162413,30.497457977208043,1956,605.0,9248.683255633274,30.828944185444247,2026,635.0,8672.182737632756,28.90727579210919,2091,688.0,7432.729409479429,24.775764698264762,2154,5,1.0108693061724663,1.6870179277329937,22.875089079996318,2547.6026128307158,7426499.31154819
violet-211,rec_20260211_172157.npz,32,2.934,300,405,chl_a,24158.907407439838,702472.254045262,2341.5741801508734,1573264.8399378436,5244.216133126145,4637580.117589366,15458.600391964552,334355.0106594801,1114.516702198267,2.2396113595633547,6.601798278698357,0.47596899199087345,1888.6043458468614,54.46666666666667,1.5595950315691862,9183.834751359773,30.612782504532575,1986.7522539013025,633.0,8351.221668609187,27.83740556203062,1900,599.0,9068.53850038852,30.228461667961735,1955,593.0,9183.834751359773,30.612782504532575,2025,620.0,8660.735897435918,28.869119658119725,2091,672.0,7409.763908313926,24.699213027713085,2154,5,1.012713873461122,1.7159122614488136,22.392127399475278,2516.3071285496176,7247672.222231952
violet-211,rec_20260211_172325.npz,33,2.787,300,405,chl_a,23558.536020865056,676324.775109584,2254.4159170319467,1709076.488122027,5696.921627073423,4360575.684654666,14535.25228218222,321583.85837323964,1071.9461945774653,2.5270055911305445,6.447458151962758,0.4754873253329125,1873.727556013492,55.93333333333333,1.4055568100187266,8762.270544491757,29.207568481639193,1937.3796069790342,660.0,7763.2963286713475,25.877654428904492,1866,617.0,8558.797300344602,28.52932433448201,1924,611.0,8762.270544491757,29.207568481639193,1978,619.0,8531.16822489107,28.437227416303564,2066,708.0,6861.771810074,22.872572700246668,2156,5,1.0237735790446822,1.6727257605968373,22.428791844773123,2423.26731041684,7067560.806259517
violet-211,rec_20260211_172513.npz,34,2.648,500,405,chl_a,10222.743387984765,510510.9179211708,1021.0218358423416,1375310.698041961,2750.6213960839223,2973010.457596955,5946.02091519391,252539.6204322956,505.0792408645912,2.6939888056504326,5.823598190031314,0.49468015583418107,1850.546327822836,57.733333333333334,1.7290692567252846,6509.17067599069,13.01834135198138,1401.1435564672101,629.0,5619.934371688928,11.239868743377857,1802,580.0,6262.670184361108,12.525340368722215,1868,565.0,6509.17067599069,13.01834135198138,1949,574.0,6310.194655647398,12.620389311294796,2001,615.0,5811.339453274011,11.622678906548023,2067,5,1.0315324694722716,1.758029702899317,22.764048126670968,1760.6266580513711,5111371.693992383
violet-211,rec_20260211_172646.npz,35,2.516,500,405,chl_a,18168.096199067637,822466.7471717189,1644.9334943434378,2186532.417933183,4373.064835866366,5705906.034343448,11411.812068686895,369142.9000854709,738.2858001709418,2.6585055571573974,6.93755225237348,0.44882410304717074,1875.5419485699742,59.28333333333333,1.5832078934108544,11967.377156177183,23.934754312354364,2490.144764126595,652.0,9810.194980575001,19.620389961150003,1844,606.0,11169.271375291399,22.338542750582796,1900,583.0,11967.377156177183,23.934754312354364,1956,591.0,11744.409355089381,23.488818710178762,2026,622.0,10662.970753690777,21.325941507381554,2090,5,1.0189850161337555,1.7211184125683654,24.27405434283851,3256.7646574026685,9084048.099533819
violet-211,rec_20260211_172750.npz,36,2.39,500,405,chl_a,17853.93839815643,886875.9287497371,1773.7518574994742,2260743.1566348854,4521.486313269771,5348181.305742755,10696.362611485509,431168.807950838,862.337615901676,2.549108712220819,6.030360203013166,0.48616587052787996,1866.4019975418453,60.35,1.1967766966469533,10703.47994914179,21.40695989828358,2447.085855010476,701.0,9066.610718372556,18.133221436745114,1845,648.0,9945.208734901486,19.890417469802973,1900,625.0,10582.012074592098,21.164024149184197,1955,621.0,10703.47994914179,21.40695989828358,2026,648.0,9940.634312354334,19.881268624708667,2091,5,1.0114787125258855,1.6290506075732283,22.519881287515,3000.0909450997615,8926969.199078215
violet-211,rec_20260211_172921.npz,37,2.27,500,405,chl_a,15807.069356565693,798967.6565734283,1597.9353131468565,2338903.44507641,4677.80689015282,4369489.582232593,8738.979164465185,396173.99440041534,792.3479888008306,2.9274069179563287,5.468919231314365,0.49585736186056156,1834.336000945107,61.86666666666667,1.5121759160201362,9868.058487438511,19.73611697487702,2166.5391113713945,725.0,7174.30716394718,14.34861432789436,1748,640.0,9081.07852887855,18.1621570577571,1825,598.0,9868.058487438511,19.73611697487702,1914,625.0,9425.361450401473,18.850722900802946,1976,681.0,8121.890344470362,16.243780688940724,2064,5,1.046968706650309,1.6961368373976713,21.932605594346278,2647.1149580710203,7903534.678282847
violet-211,rec_20260211_173045.npz,38,2.157,500,405,chl_a,12157.753951573453,589632.5363519826,1179.2650727039652,1798902.7562587452,3597.8055125174906,3395584.6631118963,6791.169326223792,294757.02006410324,589.5140401282065,3.0508878756732747,5.758814946203874,0.49989951688851053,1840.6889783895128,63.266666666666666,1.7669402884354977,7802.724906759927,15.605449813519854,1666.3588201169755,637.0,6338.211363636379,12.676422727272758,1746,584.0,7302.611398601417,14.605222797202835,1800,562.0,7634.794696969714,15.269589393939428,1860,553.0,7802.724906759927,15.605449813519854,1913,580.0,7398.10551282053,14.79621102564106,1976,5,1.021995379896314,1.7714330775921616,20.34461807432431,2115.285588506015,6078876.975786727
violet-211,rec_20260211_173211.npz,39,2.049,500,405,chl_a,12729.797803496533,635803.3464653542,1271.6066929307085,1939033.7247637254,3878.0674495274507,3468090.04492478,6936.180089849559,321971.7855944063,643.9435711888126,3.0497381549554112,5.454658369140498,0.5064015271142506,1832.1473025921407,64.7,1.4420234911631402,7845.3987666878775,15.690797533375754,1744.7639533301167,638.0,6969.669061241804,13.939338122483608,1781,617.0,7401.631231193065,14.80326246238613,1844,595.0,7845.3987666878775,15.690797533375754,1914,610.0,7504.217105318941,15.008434210637883,1977,653.0,6741.224051705885,13.482448103411771,2066,5,1.045465323907954,1.6981042283888172,22.31928101814649,2156.761956486175,6364898.901748266
violet-211,rec_20260211_173410.npz,40,1.946,500,405,chl_a,9813.069806118901,536117.4215501177,1072.2348431002354,1404712.5453030334,2809.425090606067,2657966.7216783273,5315.933443356655,307738.21452797274,615.4764290559455,2.620158362400311,4.957807030394839,0.5740127109434077,1836.1353846443553,66.68333333333334,2.1613787870254777,6301.232703962721,12.602465407925441,1344.9931203562091,588.0,5422.609557109568,10.845219114219137,1781,543.0,6010.150536130549,12.020301072261098,1845,523.0,6301.232703962721,12.602465407925441,1914,547.0,5905.595151515165,11.81119030303033,1977,602.0,5323.332191142203,10.646664382284404,2027,5,1.048431759917211,1.8650936286549251,24.39142262665959,1623.2457451564328,4906534.903059451
violet-211,rec_20260211_173605.npz,41,1.849,500,405,chl_a,9630.92889494354,494366.50654653163,988.7330130930633,1498014.5141258775,2996.029028251755,2562012.32196522,5124.02464393044,261071.10483414086,522.1422096682817,3.030169912987175,5.182414844125517,0.5280922177715692,1825.6134604011518,68.6,1.8516914469044057,6099.874330285116,12.199748660570233,1320.0286314341474,633.0,5061.162133763684,10.122324267527368,1749,566.0,5903.713501882747,11.807427003765493,1802,557.0,6064.6147211762745,12.12922944235255,1862,555.0,6099.874330285116,12.199748660570233,1914,599.0,5576.643779809949,11.153287559619898,1977,5,1.0058139899614271,1.8054635436858464,22.13499716335281,1643.677872906836,4815464.4474717695
violet-211,rec_20260211_173754.npz,42,1.757,1000,405,chl_a,10824.525421461894,1059001.7692307716,1059.0017692307715,3222501.4362193434,3222.5014362193433,5977030.060506174,5977.030060506175,565992.1555056068,565.9921555056068,3.0429613338229604,5.644022733642567,0.5344581774558576,1842.2769907749916,70.41666666666667,1.5538392832737546,13393.412554112583,13.393412554112583,2967.2492931638967,628.0,12213.96289266292,12.21396289266292,1802,606.0,12899.096459096489,12.899096459096489,1861,589.0,13393.412554112583,13.393412554112583,1914,603.0,12968.363924963956,12.968363924963956,1976,621.0,12459.209168609199,12.459209168609199,2026,5,1.0327758097789355,1.7195417024977528,24.33880845264345,3663.038477425307,10824525.421461895
violet-211,rec_20260211_173958.npz,43,1.669,1000,405,chl_a,7866.6908559440735,763380.4706682223,763.3804706682223,1832660.0683760724,1832.6600683760726,4853831.571484082,4853.831571484083,416818.74541569647,416.81874541569647,2.4007164694321563,6.358338676433913,0.5460170405601753,1880.7372384874893,72.48333333333333,1.7774479156582235,10227.155788655811,10.22715578865581,2156.4393793706345,609.0,9012.582828282848,9.012582828282849,1867,572.0,10227.155788655811,10.22715578865581,1950,575.0,10060.126651126673,10.060126651126673,2001,591.0,9777.362859362882,9.777362859362881,2067,673.0,7824.111344211364,7.824111344211364,2157,5,1.016603084963193,1.7830440414277708,27.491542192477027,2754.5887812936367,7866690.855944074
violet-211,rec_20260211_174129.npz,44,1.585,1000,405,chl_a,8278.178766200484,871763.6476689996,871.7636476689996,2274035.691608397,2274.035691608397,4674096.470085481,4674.096470085481,458282.9568376078,458.2829568376078,2.608546132531356,5.361655630609859,0.5256963376059625,1842.059397564296,74.0,1.7727677825005737,10444.59160839163,10.444591608391631,2269.237600383905,628.0,9175.747163947184,9.175747163947184,1826,572.0,10158.200388500412,10.158200388500413,1890,560.0,10444.59160839163,10.444591608391631,1948,579.0,10011.979176379198,10.011979176379198,2000,630.0,9152.536752136773,9.152536752136774,2066,5,1.0281931059575697,1.7759416169670212,25.04344607858802,2781.758751600632,8278178.766200485
violet-211,rec_20260211_174304.npz,45,1.506,1000,405,chl_a,6388.554206476871,652566.7360972376,652.5667360972376,1914293.4368187413,1914.2934368187412,3520327.83180154,3520.32783180154,301366.20175935247,301.36620175935246,2.9334830154957463,5.394586694466424,0.461816677266931,1827.8629040059225,75.58333333333333,1.2534512101592297,7728.254234654252,7.728254234654252,1751.2484118631774,667.0,6928.531868131884,6.928531868131884,1827,633.0,7529.061405261423,7.529061405261423,1890,626.0,7728.254234654252,7.728254234654252,1948,639.0,7339.410611610627,7.339410611610627,2000,674.0,6773.961360861376,6.773961360861376,2066,5,1.0264565287319387,1.63258859317036,19.932388902925858,2117.748841162181,6388554.206476871
